val_macro_accuracy,step,epoch,val_macro_f1,val_loss,train_loss_epoch,test_macro_recall,test_macro_accuracy,test_macro_auroc,test_macro_precision,test_macro_f1,test_cohen_kappa
0.00937500037252903,29,0,0.01714285835623741,32.67307662963867,,,,,,,
,29,0,,,60.66132736206055,,,,,,
,30,1,,,,0.012187500484287739,0.012187500484287739,0.0,0.10000000149011612,0.021727019920945168,0.0
