train_CrossEntropyLoss_epoch,step,epoch,val_CrossEntropyLoss,val_MulticlassCohenKappa,val_accuracy
2.3969905376434326,9,0,,,
2.1128525733947754,19,1,,,
1.753363847732544,9,0,,,
1.5436511039733887,19,1,,,
1.3068311214447021,9,0,,,
1.0417454242706299,19,1,,,
,29,2,0.7746587991714478,0.7751671075820923,0.7977824807167053
0.9276483654975891,29,2,,,
